group,sample_d,theta,phi,fbar,ratio,rho,sample_theta,sample_phi,sample_rho,qfactor
all,0.0010738251097784667,0.132722380153,0.257844721806,245.587499539,1.94273732515,63.3234404976,1.69577821631e-05,3.29445163601e-05,0.0080907613964,0.303523957779
