group,sample_d,theta,phi,fbar,ratio,rho,sample_theta,sample_phi,sample_rho,qfactor
all,0.0014712408577305285,0.0880819031374,0.184139096977,456.785033137,2.09054403253,84.1119835145,1.74914536105e-05,3.65666539656e-05,0.0167031002434,0.336957029253
