group,sample_d,theta,phi,fbar,ratio,rho,sample_theta,sample_phi,sample_rho,qfactor
all,0.003195654849855534,0.0939343831468,0.247328570604,569.092696797,2.63299297146,140.75288324,2.27040098668e-05,5.97794984032e-05,0.0340200759594,0.313594822969
