group,sample_d,theta,phi,fbar,ratio,rho,sample_theta,sample_phi,sample_rho,qfactor
all,0.0026147765696505256,0.0863418875598,0.224971015025,848.250759542,2.60558370199,190.83183437,1.37019935813e-05,3.57016911603e-05,0.0302839866437,0.240928545206
